place,lng,lat
The Roosevelt Island Tramway,-73.96434990408102,40.7606100434254
The Museum of Modern Art (MoMA),-73.97714999999994,40.76108000000005
The National 9/11 Memorial & Museum,-74.01300999999995,40.71144000000004
Gulliver's Gate,-73.98694298881429,40.75760001817608
Chelsea Market,-74.0048973,40.7420513
Greenwich Village,-73.93361991920212,40.76629004011224
American Museum of Natural History,-73.97238999999996,40.781930000000045
Madison Square Garden,-73.99337999999995,40.750470000000064
Broadway,-73.909055,40.682105
Times Square,-73.9864139,40.7563318
St. Patrick's Cathedral,-73.9771999483822,40.75854004861719
Ellis Island,-74.01432684781629,40.70286383762584
The Oculus,-74.0110309859789,40.71235002051682
"Intrepid Sea, Air & Space Museum",-73.99870992358714,40.76432004140892
New York Public Library,-73.98370999999997,40.753810000000044
Staten Island Ferry,-74.0128326,40.7011583
Bryant Park,-73.98087993915233,40.75348006130824
Radio City Music Hall,-73.98002999999994,40.76036000000005
Rockefeller Center,-73.97995686116377,40.75925755
The Met Cloisters,-73.93169803262302,40.865229983285644
Grand Central Terminal,-73.9771792,40.7528064
One World Observatory,-74.01331999999996,40.71306000000004
Manhattan Skyline,-74.00600999999995,40.714500000000044
The High Line,-74.0082385,40.7398416
Brooklyn Bridge,-74.0036669,40.711607
Statue of Liberty,-74.04444999999998,40.68925000000007
Top of the Rock,-73.97737990784337,40.60125003131165
Empire State Building,-73.98549400921236,40.74866000597768
The Metropolitan Museum of Art,-73.96336411385192,40.779443650000005
Christmas Spectacular Starring the Radio City Rockettes,-73.98003202582711,40.76010000461716
Central Park,-73.97288273636447,40.76448998279874
Lincoln Center for the Performing Arts,-73.98205994348137,40.772170029008834
Kings County Distillery,-73.94408368906659,40.67878471436522
Majestic Theatre,-73.98801637890512,40.75841785
SeaGlass Carousel at The Battery,-74.01730701980055,40.70684000882639
Neue Galerie,-73.96032298633844,40.781300017042696
Museum of Jewish Heritage,-74.01791999999995,40.70539000000008
Whitney Museum of American Art,-74.00892095028976,40.73964505
Macy's Herald Square,-73.98933148593517,40.7509149
Woolworth Building,-74.00792999999999,40.71247000000005
One World Trade Center,-74.01319029798239,40.71300135
Spyscape,-73.98371201659725,40.765179982765204
New-York Historical Society Museum & Library,-73.97400803583395,40.779179982272524
Apollo Theater,-73.94999078047188,40.810089500000004
World Trade Center Memorial Foundation,-74.01253998000759,40.71157000060731
Roosevelt Island,-73.9502281671115,40.7614177
Ground Zero Museum Workshop,-74.00672302302286,40.74120799114053
Flatiron Building,-73.98966999999993,40.740980000000036
West Village,-74.00558,40.7341857
Washington Square Park,-73.99959991406631,40.731040030126934
Rockefeller Center Christmas Tree,-73.97785999999996,40.758500000000026
United Nations Headquarters,-73.96914502324962,40.74869998765584
Tenement Museum,-73.9900266,40.7187837
The Morgan Library & Museum,-73.98180999999994,40.74909000000008
Fifth Avenue,-73.9846199024397,40.74836003861779
Chrysler Building,-73.97552999999994,40.751910000000066
SoHo,-74.14767269778883,40.62159171622062
The Vessel,-74.00215367097266,40.753788400000005
Ellis Island Immigration Museum,-74.01429999999993,40.702870000000075
Frick Collection,-73.96716999999995,40.77094000000005
Harlem,-73.81352724436488,40.76174442803938
Friends Building,-74.00549901370215,40.732670016927955
Madame Tussauds New York,-73.98843804512987,40.7562126
Bloomingdale's,-73.982197,40.7791578
Upper West Side,-73.97319999999996,40.79251000000005
Columbia University,-73.96095063388861,40.814856000000006
"Strawberry Fields, John Lennon Memorial",-73.96396995241007,40.771160051585724
Beacon Theatre,-73.98116999999996,40.78047000000004
Sea Glass Carousel,-74.01444988046514,40.70317003443054
World Trade Center's Liberty Park,-74.01281999999998,40.71019000000007
Union Square Green Market,-73.99031988996562,40.73710006230377
Grand Central Market,-73.97723999999994,40.75269000000003
World Trade Center Station (PATH),-74.01408104335856,40.71256919898952
Minskoff Theatre,-73.9862053,40.758063
Lyric Theatre,-73.98729896824216,40.75695000158481
Brookfield Place,-74.01473717422627,40.7140291563677
Saks Fifth Avenue,-73.9769564693561,40.75801405
Museum of Ice Cream,-73.9979055,40.7238654
GhostBusters Firestation,-74.00675365151086,40.71970679265303
Union Square,-74.00766992662459,40.71252004742274
Trinity Church,-74.01204999999999,40.70814000000007
St. Patrick's Old Cathedral,-73.9951929460534,40.7235812
Museum of the City of New York,-73.95199999999994,40.79254000000003
New Amsterdam Theater,-73.98803999999996,40.75592000000006
Lower Manhattan,-73.9868057,40.7159357
Hudson River Park,-74.00542999999993,40.733880000000056
Macy's Thanksgiving Day Parade,-73.98900999999995,40.75046000000003
Gershwin Theater,-73.98347790836364,40.76274435157305
Museum at Eldridge Street,-73.99066991824222,40.714530027804216
St. Paul's Chapel,-74.00905999999998,40.71115000000003
Manhattan Bridge,-73.98469990770552,40.71071005925103
Riverside Park,-73.96401596905851,40.810930002858356
Stone Street Historic District,-74.0104174,40.7042693
Little Italy,-73.9978328,40.7185889
National Museum of the American Indian,-74.01402999999993,40.70449000000008
Hayden Planetarium,-73.97238999999996,40.781930000000045
Chinatown,-74.00556469999998,40.72033000000005
The Jewish Museum,-73.95718268280334,40.7854097
New World Stages,-73.9872333,40.762757
St. Thomas Church,-73.97659402060164,40.76085001731332
Merchant's House Museum,-73.99234229217802,40.7276594
Westfield World Trade Center,-74.01140999999996,40.711580000000026
Richard Rodgers Theatre,-73.98674788284762,40.7590309
Solomon R. Guggenheim Museum,-73.95911999999998,40.78301000000005
42nd Street,-74.01496458333334,40.655111833333336
Jazz at Lincoln Center,-73.98220989572918,40.768940062620175
Governors Island National Monument,-74.01201999999995,40.701310000000035
KGB Espionage Museum,-74.00149799604038,40.73950998519524
Rubin Museum of Art,-73.9977377,40.7400959
Times Square Church,-73.98352803382255,40.76256000938014
Madison Square Park,-73.98659991751732,40.742770042616314
Chelsea,-74.0015283,40.7464906
Color Factory,-74.0062226,40.7258444
Winter Garden Theatre,-73.98350453470516,40.7616856
Broadway Theatre,-73.98335504506701,40.76339815
Conservatory Garden,-73.95159993970375,40.7936100572318
Bethesda Fountain,-73.96583999999996,40.78392000000008
Cathedral Church of Saint John the Divine,-73.96165999999994,40.80379000000005
Fort Tryon Park,-73.92675686903395,40.864629593462475
Meatpacking District,-74.00783847716033,40.74111742876974
Wall Street,-74.01060999999999,40.70711000000006
The Shops & Restaurants at Hudson Yards,-74.0009410406605,40.753355150000004
Gerald Schoenfeld Theatre,-73.98743774010278,40.75848585
Penn Station,-73.9948599478206,40.75029003468822
Columbus Circle,-73.98153490106645,40.767790044549756
Alice in Wonderland Statue,-73.96514995673911,40.77504003456562
Herald Square,-73.98791989962939,40.74985002668103
Ripley's Believe It or Not! Times Square,-73.98850783393843,40.756466
Park Avenue,-73.95663000361837,40.78053998797225
Hudson Theatre,-73.98442437609879,40.7571077
Trump Tower,-73.97406100946202,40.762519985792466
The Shops at Columbus Circle,-73.98243999999994,40.76809000000003
Lunt-Fontanne Theatre,-73.98590151622378,40.759166199999996
The Met Breuer,-73.96400993408822,40.773730026918344
Museum of Sex,-73.9873576,40.7440374
St Joseph's Chapel Catholic Memorial at Ground Zero,-74.01652096492076,40.71160000782069
Shubert Theatre,-73.98725639341359,40.75814475
Bethel Gospel Assembly,-73.94336698294774,40.80231001172322
St James Theatre,-73.98815839177944,40.75798445
Al Hirschfeld Theatre,-73.98921084892254,40.75925315
Century 21,-74.010777,40.7107077
Charging Bull (Wall Street Bull),-74.01315303240584,40.70564998812304
Federal Reserve Bank of New York,-74.00847766667601,40.70845111333955
New York City Fire Museum,-74.00692978766418,40.7256009
New York Harbor,-74.2259247,40.528555
NFL Experience Times Square,-73.98638279525598,40.75563671809196
Pier 17,-74.00201136043286,40.7058275
"Cooper Hewitt, Smithsonian Design Museum",-73.95777999999996,40.78443000000004
The Museum at FIT,-73.99378991406122,40.746610043918054
Central Park Zoo,-73.97080999999997,40.76753000000008
Fraunces Tavern Museum,-74.01134999999994,40.70344000000006
Museum of Illusions,-74.00251991767554,40.73975004290219
General Grant National Memorial,-73.96300988922036,40.81263006236992
Seaport District NYC,-74.00356103386896,40.70700001935799
Battery Park,-74.01422993932582,40.704460051238755
Bow Bridge,-74.00713999999994,40.71455000000003
Upper East Side,-73.9641196,40.7737016
Queensboro Bridge,-73.95971990840496,40.75866003556115
Theodore Roosevelt Birthplace National Historic Site,-73.98895999999996,40.738680000000045
The Dakota,-73.97591070089754,40.776774950000004
Pip's Island,-73.99320401902925,40.75842999422849
TriBeCa,-74.0093063,40.7153802
Jacob Javits Convention Center,-74.00351999999998,40.756590000000074
Marquis Theatre,-73.98594075453586,40.75820516652981
Irish Hunger Memorial,-74.01605660526289,40.71460049154422
African Burial Ground National Monument,-74.00401994306782,40.71457005139189
Stephen Sondheim Theatre,-73.9849328,40.7558962
New York Stock Exchange,-74.01123902481572,40.706499996924066
Love Sculpture,-73.97819675174647,40.76302679451484
Children's Museum of Manhattan,-73.97720999999996,40.78595000000007
Bethesda Terrace,-73.96396995241007,40.771160051585724
Lower East Side,-73.9868057,40.7159357
Walter Kerr Theater,-73.98556691701684,40.76034424552184
NYC Ferry,-74.00652101915634,40.70477001401818
Hamilton Grange National Memorial,-73.94725999999997,40.82141000000007
Studio 54,-73.98377859278992,40.7643461
Imperial Theatre,-73.98740999999995,40.75886000000003
Unisphere,-73.85669792789314,40.75326231750773
Balto Statue,-73.97620439999997,40.78605090000008
Federal Hall,-74.01044500712791,40.70713999714104
Wollman Rink,-73.97130403386956,40.76763198281063
Neil Simon Theatre,-73.98451975713795,40.7630257
Mahayana Buddhist Temple,-73.99536504130594,40.71611001655279
FDNY Memorial Wall,-74.0125210369064,40.70996000464538
The High Line Park,-74.00837995764259,40.735500040806585
Chelsea Hotel,-73.99678999999998,40.74441000000007
August Wilson Theater,-73.98419335493764,40.763373
East Village,-74.14767269778883,40.62159171622062
New York City Center,-73.97962399478052,40.76374998817394
Museum of Arts and Design,-73.98193610277778,40.767331850000005
Fearless Girl,-74.01325275324545,40.7049404839476
PATH,-74.0181507,40.71362
City Winery,-74.00568999999996,40.72637000000003
International Center of Photography Museum,-73.98860169881024,40.717909566628016
Belvedere Castle,-73.96845999999994,40.77888000000007
Museum of Chinese in  America,-73.9990481,40.7194172
FDNY Fire Zone,-73.97844499627988,40.75975999271486
The Village Halloween Parade,-74.00542999999993,40.733880000000056
National Museum of Mathematics,-73.9873437,40.7432428
Ambassador Theatre,-73.98499032873778,40.761235549999995
Franklin D. Roosevelt Four Freedoms Park,-73.96016297580682,40.751029989100545
Hope Sculpture,-73.98227602894524,40.76282999048141
Governors Island,-74.02309490113338,40.689164483560816
Music Box Theatre,-73.98715082609624,40.7588721
Ed Sullivan Theater,-73.9828196,40.7637743
Booth Theatre,-73.98709028360129,40.758373000000006
New York City Subway,-73.98877502139135,40.690368018434555
George Washington Bridge,-73.94391482705196,40.8499543395652
Riverside Church,-73.9639399451967,40.81132005472264
Williamsburg Bridge,-73.96956032142914,40.712922601110634
"Banksy's ""Hammer Boy""",-73.97947663449604,40.78371151576525
David H. Koch Theater,-73.98258999999996,40.77268000000004
Lincoln Square,-73.98205994348137,40.7729900305965
Stage 42,-73.99379200953702,40.758739998917434
Eugene O'Neill Theatre,-73.98574035074438,40.76110465
Temple Emanu-El,-73.97025990019098,40.76804005576673
Daily News Building,-73.97299999999996,40.74998000000005
Inwood Hill Park,-73.92953398692072,40.86742221573582
Vivian Beaumont Theatre,-73.98433999999997,40.77377000000007
The Public Theater,-73.99180466093696,40.728929050000005
Greater Refuge Temple,-73.94844197386338,40.80835998561622
Duffy Square,-73.98571990150293,40.75764004176372
Palace Theatre,-73.98462999999998,40.75890000000004
New York City Hall,-74.00719995331355,40.713060051534825
Essex Street Market,-73.98844896535782,40.71770999614043
Circle In The Square Theatre,-73.98422999999997,40.76200000000006
Brooks Atkinson Theatre,-73.98696639245696,40.759975299999994
First Corinthian Baptist Church,-73.95294196622118,40.80310000609751
Jacqueline Kennedy Onassis Reservoir,-73.95134499999995,40.78187500000007
Chelsea Piers Sports & Entertainment Complex,-73.90951993591595,40.78453002534087
Koreatown,-73.90715489811598,40.77816003038461
Manhattan Mall,-73.98825995344122,40.749130021198255
Museum Mile,-73.98255629920561,40.7511905965089
Easter Parade,-73.98466998431118,40.74839999934119
Nederlander Theater,-73.98830234615221,40.7554837
Time Warner Center,-73.98322052053987,40.768410450000005
Rose Mansion,-73.9892490048284,40.74881689904446
David Geffen Hall,-73.98272999999995,40.77269000000007
Houdini Museum of New York at Fantasma Magic,-73.99067503120315,40.7521379928813
New Museum of Contemporary Art,-73.99283154963459,40.7223414
Convent Avenue Baptist Church,-73.94601700545569,40.82438999825362
Red Cube,-74.01001803298016,40.708604986178045
Trump Rink in Central Park,-73.97617995458477,40.76565003989526
Greenacre Pocket Park,-73.97049995789793,40.60200004400778
Sixth Avenue (Avenue of the Americas),-74.00157661975155,40.7307952112864
Fulton Center,-74.00915997755209,40.71053999043559
Joyce Theater,-74.00071076242158,40.74281765
General Electric Building,-73.91711989134416,40.737140043981896
St. Bartholomew's Church,-73.97404994534983,40.75720003375653
Central Park's Literary Walk,-73.97288273636447,40.76448998279874
The Juilliard School,-73.98275999999998,40.77330000000006
Belasco Theatre,-73.983800660177,40.756644
Hudson River Greenway,-74.01432684781629,40.70286383762584
New York City Supreme Court,-74.00209999999998,40.71443000000005
Artists & Fleas at Chelsea Market,-74.00769993383796,40.74283005704305
New York University,-73.99701999999996,40.72966000000008
Grand Masonic Lodge of New York,-73.99188202526042,40.7430339887473
Chelsea Flea Market,-73.98799994680472,40.74950004031393
H&M,-73.9881986,40.7497527
Longacre Theatre,-73.98596871886012,40.760317799999996
Hearst Tower,-73.98332502412765,40.766439992360034
ABC Carpet & Home,-73.9898419,40.73824
Holographic Studios,-73.98008298779841,40.739919985989076
Mount Vernon Hotel Museum & Garden,-73.9597128,40.7605217
Arthur Ashe Stadium,-73.84684999999996,40.749810000000025
St. Patrick’s Day Parade New York City,-74.00713999999994,40.71455000000003
New York International Auto Show,-74.00351999999998,40.756590000000074
The Art of the Brick by Nathan Sawaya,-73.98726999999997,40.75774000000007
Carl Schurz Park,-72.66287989572756,40.92189005619002
Bernard B. Jacobs Theatre,-73.98774051505198,40.7586082
Gapstow Bridge,-73.98891499999996,40.766755000000046
Barrymore Theatre,-73.98613511549917,40.76012215
New York Comic-Con,-74.00351999999998,40.756590000000074
Ghostbusters Building,-73.97895302343133,40.772379995683394
Little Red Lighthouse,-73.93819670315662,40.84788073441765
Winter Garden,-74.0146939614856,40.71391001842633
Bowling Green,-74.01318991277981,40.70404003407063
Lyceum Theatre,-73.98450063805058,40.757869400000004
South Street Seaport Museum,-74.0036758,40.706628
The Ramble,-73.97620439999997,40.78605090000008
Children's Museum of the Arts,-74.0081354,40.7275353
Broadhurst Theatre,-73.98761706594371,40.758268599999994
Morningside Park,-73.96105992326562,40.80178002398543
Shakespeare Garden,-73.96646993885118,40.77821002843706
Paley Park,-73.9752390021343,40.76026998961356
Grace Church,-73.99144993815173,40.731730028396356
Alleva Dairy,-73.99713999999994,40.71938000000006
Canaan Baptist Church of Christ,-73.9514547,40.8025977
American Airlines Theater,-74.01726988796949,40.62809005874587
Astor Place Theatre,-73.992186,40.7293012
Park Avenue Armory,-73.96550355223997,40.76723335
MetLife Building,-73.97658004429898,40.75361345
Trinity Church Cemetery & Mausoleum,-73.94826000274544,40.83395999429467
Sotheby's,-73.95354506025748,40.76628425
34th Street,-74.00718603935427,40.65768999543866
Rockefeller Park,-74.01710874860224,40.70790232524283
Holcombe Rucker Park,-73.93671076284542,40.82886612403471
Central Synagogue,-73.97032402175029,40.759560000505104
Morris-Jumel Mansion,-73.9386957,40.8344403
Gracie Mansion,-73.94381994099534,40.77623005526897
The Pershing Square Signature Center,-73.99496999999997,40.75939000000005
Hans Christian Andersen Statue,-73.96028499999994,40.77018000000004
Paley Center for Media,-73.97759186591774,40.76058114999999
Golden Theatre,-73.98798460640043,40.7587046
Agora Gallery,-74.00467398297259,40.74946001672626
T.J. Maxx,-73.96131999999994,40.75936000000007
James A. Farley Post Office,-73.99582641011764,40.75151835
Cort Theatre,-73.98308983674377,40.75910345
Fred F. French Building,-73.97888935789416,40.7553605
Lincoln Tunnel,-74.02302022633901,40.76453565759894
The Sphere,-74.01432684781629,40.70286383762584
Church of Saint Joseph of the Holy Family,-73.95421199219032,40.8118220049943
New York Public Library for the Performing Arts,-73.98489797207755,40.77380999027463
Cleopatra's Needle,-73.98143993410349,40.78618004489047
Church of St. Francis of Assisi,-73.99055822641532,40.7488345
Seventh Avenue,-73.44485991329181,43.22884005179108
Skyscraper Museum,-74.01778999999993,40.705730000000074
Stonewall National Monument,-74.00165887047208,40.73376985
Museum of the American Gangster,-73.9858672,40.7276111
City Hall Park,-74.00636999999995,40.71266000000003
Kinokuniya Book Stores of America,-73.9849099581991,40.75404998881464
Channel Gardens,-73.97813603932883,40.757570010962695
Delacorte Theater,-73.97775999999999,40.773780000000045
New York City Criminal Court,-74.00116999999995,40.71607000000006
Abyssinian Baptist Church,-73.94130960267361,40.81673456562882
American Folk Art Museum,-73.98157999999995,40.773270000000025
Sony Hall,-73.98708900156761,40.75952999329172
The High Bridge,-73.9316531,40.8424433
Randall's Island Park,-73.92186370105728,40.79479031089095
Castle Clinton National Monument,-74.01044500712791,40.70713999714104
New York Public Library - Bloomingdale Library,-73.96754999999996,40.79603000000003
Helen Hayes Theatre,-73.98784165000001,40.7578513
Gramercy Park,-73.98462657192094,40.73956696956856
Greeley Square Park,-74.0016899416231,40.754780052581225
Times Square Countdown,-73.98472999873792,40.758739998917434
Rose Center for Earth and Space,-73.97238999999996,40.781930000000045
Nicholas Roerich Museum,-73.96882722894028,40.80283255
The Kneeling Fireman,-73.97967001142896,40.75368001160848
Cherry Lane Theatre,-74.00535999999994,40.73135000000008
Diamond District,-73.98176992963151,40.75803005171849
Irish Repertory Theatre,-73.99476999999996,40.742620000000045
NY Waterway,-73.8002614011758,40.5871858136674
Algonquin Hotel,-73.98234726189956,40.7559397
The Green Room 42,-73.99553100298883,40.75923000497707
The New York Earth Room,-73.99976503755886,40.72591998648173
The Annex / Hell's Kitchen Flea Market,-73.96297988200699,40.60283006196974
The Mall,-73.96927999999997,40.75929000000008
Dalmatian and Taxi Sculpture,-73.9726199926681,40.74308000539574
Scandinavia House,-73.97994999999997,40.74941000000007
Ford Foundation Building,-73.97115857762051,40.7498787
Zuccotti Park,-74.01099999999997,40.709550000000036
New York Yacht Club,-73.9815595,40.7555778
Heckscher Playground,-73.98891499999996,40.766755000000046
Sutton Place Park,-73.96019998300223,40.75801216704369
Town Hall,-73.9845629,40.7560233
Columbus Park,-73.99935999999997,40.71586000000008
LuminoCity Festival,-73.93745499999994,40.80145500000003
Seagram Building,-73.97198405511598,40.75840725
United States Custom House,-74.01372099016501,40.704440018490175
Obscura Antiques & Oddities,-73.9812602,40.7296795
The National Jazz Museum in Harlem,-73.9379810234243,40.80538000948977
Grand Bazaar NYC,-73.97772700245386,40.7808880045921
Church of Saint Mary the Virgin,-73.98363279788558,40.758353299999996
The American Kennel Club Museum of the Dog,-73.97810896578157,40.75109000352728
Gagosian Gallery,-74.00596303586194,40.74941999313859
PlayStation Theater,-73.9864422,40.7576451
Tudor City,-73.9713889,40.7486231
Titanic Memorial Park,-74.00404995028119,40.70744002736521
Tiffany Street Clock at 5th Ave.,-73.9894960327025,40.74196998995819
Hello Panda Festival,-73.84571496110675,40.75590000057403
Mother African Methodist Episcopal Zion Church,-73.94173200891434,40.81605000459405
Church of St. Paul the Apostle,-73.98518463075379,40.7698904
Schomburg Center for Research in Black Culture,-73.94098739016528,40.8146476
The Municipal Building,-74.00403989199737,40.713120024052046
New York City Vietnam Veterans Memorial Plaza,-74.00975903217204,40.703380001105074
Barney's,-73.97116296643911,40.76474299224316
The Armory (Track),-73.94199201555084,40.842420016807694
New York Transit Museum,-73.97792999999996,40.75229000000007
Swedish Cottage Marionette Theatre,-73.98262999999997,40.77568000000008
Helmsley Building,-73.97610284092127,40.75439335
Tompkins Square Park,-73.97945499999997,40.72748000000007
Antioch Baptist Church,-73.95666998529651,40.814099996729794
Church of Saint Vincent Ferrer,-73.96513403112309,40.76609998045774
Joey Ramone Place,-73.99204991478102,40.72563005645091
The Shed,-74.00279786168552,40.7533193
Modell's,-74.006028,40.7142106
New Victory Theater,-73.98762999999997,40.75649000000004
Westside Theatre,-73.9926202,40.759448
Elizabeth Street Garden,-73.99418056036245,40.72266704109538
United Palace,-73.9381268,40.8465626
Greenflea Flea Market,-73.9753609588255,40.78242000694499
The Players Theatre,-74.00052999999997,40.73010000000005
59E59 Theaters,-73.97046098204817,40.76328998932769
Victorian Gardens,-73.97617995458477,40.76565003989526
Japan Society,-73.96833999999996,40.75246000000004
East River Waterfront Esplanade,-73.94411992930999,40.78293004575323
Dave's New york,-73.99568999999997,40.73896000000008
David Zwirner Gallery,-74.00703999999996,40.74580000000003
St. Peter's Church,-74.00946398918026,40.71250001467416
Pier 45,-74.00639990065545,40.7330600268827
Riverside Drive,-73.94267538434977,40.850918765640024
Barrow Street Theatre,-74.00314999999995,40.73242000000005
William Tecumseh Sherman Monument,-73.9022798994101,40.75259002891954
Laura Pels Theater,-73.98296401555788,40.75780998485061
Holland Tunnel,-74.01922544426722,40.72707469915868
The Church of St. Ignatius Loyola,-73.95875800119656,40.778611018684984
Malcolm Shabazz Harlem Market,-73.9488612,40.801468
Fifth Avenue Presbyterian Church,-73.97518892429245,40.762029850000005
New York City Wine & Food Festival,-73.992129039947,40.73950001073047
The Pond,-73.98192994016313,40.670450060009244
St. Nicholas Park,-73.94607995354853,40.821260027969856
Fulton Fish Market,-74.00141359383711,40.70641655
Hispanic Society of America,-73.94650999999999,40.83352000000008
Museum of American Finance,-74.0091958,40.7063713
Bowery,-74.00047800224297,40.72507001959025
Mt Olivet Baptist Church,-73.95044790227861,40.812139644663944
The Jefferson Market Garden,-73.99870992358714,40.73479005169813
Society of Illustrators,-73.96690495962599,40.76471101528253
Frank Gehry Building,-74.00547001231716,40.7111599998135
Alphabet City,-74.00713999999994,40.71455000000003
Conservatory Water,-73.96607992889643,40.77377005050599
American Merchant Marines Memorial,-74.01432684781629,40.70286383762584
Jefferson Market Library,-73.9991919927467,40.73458795
Statue of Confucius,-73.9969792147815,40.714728618605285
CBS Building,-73.97878120222677,40.761254050000005
Tom's Diner,-73.96543703692286,40.80543998200699
Canal Street Market,-74.0008621,40.7189869
The National Arts Club,-73.98667999999998,40.73775000000006
Queen of Hearts,-73.98625286498999,40.694965014852514
Asia Society and Museum,-73.9644039673565,40.769880009242286
GemsNY,-73.97980303223235,40.756933992149754
Ninth Avenue International Food Festival,-73.99831999999998,40.759150000000034
City Hall Park Visitor Information Center,-74.11695988574856,40.63336005463887
Samsung 837,-74.00748401601216,40.74068998952427
Showfields,-73.99435099865978,40.72662000112544
Library Way,-73.97982201581183,40.75216218470192
Mount Neboh Baptist Church,-73.95312896648102,40.801939992607544
Metropolitan Transportation Authority,-73.97724987363358,40.752701200000004
Orchard Street,-73.9907408,40.717133
Ladies Pavilion,-73.88404993055578,40.7227700253589
Orpheum Theatre,-73.98748234728669,40.728186449999995
American Express 11 Tears Memorial,-74.0146939614856,40.71391001842633
Foley Square,-74.00349003914906,40.716053019611195
Christopher Park,-74.00542999999993,40.733880000000056
Rose Theater,-73.98298612427507,40.77208804032476
Pier 66 Maritime,-73.99054950181429,40.744368986321334
The Museum of Interesting Things,-73.99304995964889,40.73044701047729
Minetta Lane Theatre,-74.00115999999997,40.730380000000025
Urbanspace - Broadway Bites,-73.9166699507817,40.77016004862736
The Governors Ball Music Festival,-73.92345200009805,40.796029996497566
Electric Zoo,-73.92462999999998,40.79134000000005
Hester Street Fair,-73.98974992054968,40.71555002160164
John V. Lindsay East River Park,-73.98891499999996,40.766755000000046
Sloomoo Institute,-74.00039401557315,40.72138001244579
Joan of Arc Memorial,-73.9762998996192,40.79403003249038
Fotografiska New York,-73.986775,40.7392696
American Standard Building,-73.9839270524364,40.752833949999996
Church of the Transfiguration,-73.98618999999997,40.74527000000006
The Immigrants,-73.98819999999995,40.76449000000008
St. Vartan Armenian Cathedral,-73.97534603903785,40.74519999825637
Museum of Comic and Cartoon Art MOCCA NYC,-73.96690495962599,40.76471101528253
Lever House,-73.97268796328697,40.759577300000004
Saint Paul Chapel,-73.96059477891625,40.80757622441412
Mmuseumm,-74.00279081609477,40.71739731580155
Graffiti Hall of Fame,-73.94909701959654,40.79389998726262
George M. Cohan Statue,-73.9849921419383,40.75863840827334
El Museo del Barrio,-73.95136999999994,40.79310000000004
Taglialatella Galleries,-74.00405999999998,40.74815000000007
Shrine of St. Elizabeth Ann Bayley Seton,-74.01360999999997,40.70247000000006
Tudor City Greens,-73.97045000175501,40.74884998181315
Leslie-Lohman Museum of Gay and Lesbian Art,-74.00312701892253,40.72166998438615
Korean War Veterans Memorial,-73.84196992676797,40.70185853275683
World Trade Center Transportation Hub,-74.00554000120869,40.714859981422705
Alice Tully Hall,-73.9825787,40.773503
Metropolitan Life Insurance Tower,-73.98764999999997,40.74108000000007
"Sadigh Gallery Ancient Art, Inc",-73.98568201530058,40.746590011169474
Rockefeller Plaza Manhattan New York City,-73.97785999999996,40.758500000000026
Delacorte Clock,-73.9711748,40.7681147
Jean Dubuffet - Group of Four Trees,-74.00713999999994,40.71455000000003
The Drawing Center,-74.00289198732156,40.7224462
Cunard Building,-74.01398285830851,40.705754150000004
Center for Jewish History,-73.9937182,40.7375904
Marilyn Monroe's subway grate,-73.9714498789848,40.757750054242905
Hudson Street,-74.0062792,40.733743
Church of Saint Agnes,-73.97444699610325,40.75189898291225
The Episcopal Church of The Heavenly Rest,-73.95786901654576,40.78368999100462
Harlem Meer,-73.94480999999996,40.79137500000007
Dyckman Farmhouse Museum,-73.92282999999998,40.86733000000004
Holy Trinity Greek Orthodox Cathedral,-73.95611200200213,40.7696800170325
Our Lady of Pompeii,-74.00278595928232,40.730349989948024
Double Check,-74.0106058,40.7093166
4 World Trade Center,-74.01196856508565,40.710318650000005
Second Avenue Subway,-73.95551507936203,40.772700128488914
Highbridge Park,-73.93566988126173,40.841560033541896
St. Mark's-in-the-Bowery Church,-73.98711244102458,40.73030955
St. Luke's Theatre,-73.98875800612791,40.76000998297707
Katharine Hepburn Garden,-73.96915768376584,40.7523315
Marble Collegiate Church,-73.98715312760582,40.745678
Rockaways,-73.81440796601326,40.58698000879352
Judd Foundation,-73.9994499618185,40.72343001641494
Playwrights Horizons,-73.99367999999998,40.75857000000008
The Appel Room,-73.98263896535273,40.76835001854616
MoPi - Museum of Pizza,-74.00713999999994,40.71455000000003
Union Square Metronome,-73.97945499999997,40.72748000000007
Hallett Nature Sanctuary,-73.97617995458477,40.76565003989526
Elevated Acre,-74.00975903217204,40.703380001105074
Memorial Baptist Church,-73.95207896547024,40.80239701587817
Main Street Park,-73.990679892707,40.70320004078153
Kelly Temple,-73.93930603467827,40.809129989151444
Lucille Lortel Theatre,-74.00570999999997,40.73326000000003
Tweed Courthouse,-73.99810999999994,40.75095500000003
Robert F. Kennedy Bridge,-73.92327487097941,40.77521382089873
Salmagundi Museum of American Art,-73.99462802055973,40.73431999456804
Pulitzer Fountain,-74.0155399469731,40.640060045123136
Manhattan Waterfront Greenway,-74.01539804135236,40.71220400776352
Father Duffy statue,-73.9849921419383,40.75863840827334
Bartman Statue,-73.98150504556102,40.75849325640365
Artists & Fleas,-73.99960796069335,40.72187001850543
St. John the Baptist Church,-73.99275600630453,40.74928998982034
Kirk Theatre,-73.99333100486236,40.75854998117245
75 1/2 Bedford Street,-74.00492664018957,40.73139521645359
Sara D Roosevelt Park,-73.9945899248098,40.715725035739936
Daryl Roth Theatre,-73.98947999999996,40.735250000000065
The Davenport Theatre,-73.99053999999995,40.759960000000035
Group of Bears Statue,-73.95517999999998,40.77718500000003
Asphalt Green,-74.0149055,40.7159868
Riverbank State Park,-73.95234999999997,40.827330000000075
Attractions4Us New York City,-74.01411896292778,40.703380001105074
Masjid Malcolm Shabazz Mosque,-73.95018999999996,40.80206000000004
Turtle Pond,-73.96779869487497,40.779463500000006
Church of the Ascension,-73.99548993166326,40.73344006237269
Cooper Union Foundation Building,-73.98908999999998,40.73236000000003
Museo de la Estatua de la Libertad,-74.04444999999998,40.68925000000007
"Machpelah Cemetery, site of Houdini's grave",-73.88448696298734,40.69346999316173
Holy Innocents Church,-73.98782996180832,40.752229984268666
Church of St. Francis Xavier,-73.98192994016313,40.670450060009244
26th Street Flea Market,-73.98799994680472,40.74950004031393
53rd Street Public Library,-73.97707002888298,40.760820010099934
One Chase Manhattan Plaza,-74.00898102391929,40.70784898042112
Dante Park,-73.98222258347243,40.777663758844014
Nuyorican Poet's Cafe,-73.98174201789394,40.72205001987612
Miriam and Ira D. Wallach Art Gallery,-73.96011997664353,40.80840998366867
The Studio Museum in Harlem,-73.947616,40.8084179
Carnegie Hill,-73.954339,40.7841972
Lady Liberty,-73.97049995789793,40.76484005468191
Merkin Concert Hall,-73.98300999999998,40.77514000000008
Aqueduct Race Track,-73.82885987583029,40.67770002907034
John Jay Park,-73.96132999999998,40.774770000000046
Stephen A. Schwarzman Building,-73.98087993915233,40.75348006130824
The Africa Center,-73.94942198598265,40.79632001034744
Tribeca Film Festival,-74.01006999999998,40.719610000000046
Arcadia Earth,-73.9935269737586,40.72904999867504
Mickey The True Original Exhibition,-74.00796891830342,40.742352403275724
New York City Aids Memorial,-74.00123002659586,40.73704998043229
Holy Cross Church,-73.99116811143344,40.75814825
Grolier Club,-73.96998103427234,40.76398899814299
Roosevelt Island Historical Society Visitor Center Kiosk,-73.95483999999993,40.75773000000004
The San Remo,-73.97496746576437,40.77800275
American Irish Historical Society,-73.9629529760978,40.77777002042987
Fort Schuyler,-73.79205411594464,40.80527615
Pearl River,-74.00031296256944,40.72146001771159
Strivers' Row,-73.94795999999997,40.80881000000005
The Art Students League of New York,-73.9811111,40.7658333
Poster House,-73.99333646650419,40.7435881
Joker Stairs,-73.9236054,40.8357962
Beresford,-73.97167564079703,40.78257105
Wagner Cove,-73.98148148769428,40.77853392715876
Christ Church,-73.96965284940734,40.763879450000005
Citicorp Center,-73.97047999999995,40.75878000000006
America's Response Monument,-74.00888002198603,40.74275998433248
Astor Place,-73.9915196,40.729859
Fantasy Forest Amusement Park at the Flushing Meadows Carousel,-73.85099991869694,40.7421500332384
National Park Service - Information Center on Liberty Island,-74.01412251120338,40.7026690609951
Throgs Neck Bridge,-73.79362365378043,40.8002798
Barrymore Theater,-73.98613511549917,40.76012215
New York City Opera,-73.98347296471869,40.77165999020062
"New Era Factory Outlet, Inc.",-73.99095999999997,40.71693000000005
Church of Our Lady of Guadalupe,-74.00400200579502,40.740199983464635
Ancient Playground,-73.95517999999998,40.77718500000003
Guardians Superhero Sculptures,-73.9846040187332,40.754520004035214
Life Underground,-73.98172994795335,40.662730033818036
The New York Mosque,-73.94870700964178,40.78540999944573
Ukrainian Museum,-73.98974999999996,40.727670000000046
Pier 34,-74.01131102536401,40.729169985618995
2120: An Art Experience at Portion Gallery,-73.97811198326671,40.78680001235884
Theodore Roosevelt Park,-73.9727810090281,40.781339998720824
Institute for the Study of the Ancient World,-73.96029599661021,40.77986998054192
Soldiers' and Sailors Monument New York,-73.97892752347826,40.792091049999996
New York Society Library,-73.96147707839293,40.77633025
St. Jean Baptiste Roman Catholic Church,-73.95949896143726,40.772540006214996
Peace Fountain - Friedensbrunnen,-73.96257696392135,40.804100009055844
City Cinema 123,-73.96611597108009,40.761870011110716
China Institute,-74.01441903506145,40.708419997574964
De Witt Clinton Park,-73.9937199251697,40.76713003253897
Italian American Museum,-73.9974606,40.7192537
National Academy of Design Museum,-73.95829303686929,40.7834834
Christopher Columbus Statue,-73.9821077144926,40.76840071331495
Alexander Hamilton Statue,-73.74904570831687,40.77676861282866
Inwood Park,-73.7620771,40.6142712
Ralph Bunche Park,-73.96943999999996,40.74917000000005
79th Street Boat Basin,-73.98422999999997,40.785660000000064
The Ansonia,-73.98237216168238,40.780121199999996
Skirball Center for the Performing Arts at NYU,-74.00713999999994,40.71455000000003
The Chanin Building,-73.97655952077642,40.7512124
I Heart Radio Theater,-74.00498897489392,40.72007997926329
The Northern Dispensary,-74.00129999999996,40.73368000000005
Church of the Holy Trinity,-73.94952519115756,40.77834545
Port Authority Bus Terminal,-73.99146523386412,40.7568546
Castle Williams,-74.01335999999998,40.691850000000045
Sperone Westwater,-73.99259365125786,40.7231582
The Broken Kilometer,-74.00221003871513,40.72412001468433
Foxwoods Theater,-73.98729896824216,40.75695000158481
Logos Bookstore,-73.94841999999994,40.77446000000003
New York Grand Opera,-73.98343097138378,40.764330015873696
Canyon of Heroes,-74.00810280971342,40.711969218821075
Grey Art Gallery NYU,-73.996123,40.7299471
William Cullen Bryant Statue,-73.98087993915233,40.75348006130824
The Lowline Lab,-73.9872680044061,40.72022860444608
Greater Zion Hill Baptist Church,-73.95049595923652,40.81140001807893
Giuseppe Garibaldi Statue,-73.77374999999995,42.66076000000004
Larry's Freewheeling,-73.95847999999995,40.800830000000076
